{"cameraMode":{"drawMode":0,"name":"Shaded","section":"Shading Mode"},"sceneLighting":false,"audioPlay":false,"sceneViewState":{"showFog":true,"showMaterialUpdate":false,"showSkybox":false,"showFlares":true,"showImageEffects":true,"showParticleSystems":true},"in2DMode":false,"pivot":{"x":-1.0800137519836426,"y":1.1611183881759644,"z":-2.8024251461029054},"rotation":{"x":-0.1557014286518097,"y":-0.2703269124031067,"z":0.04434923082590103,"w":-0.9490625262260437},"size":2.088496685028076,"orthographic":false}